gourmet,/cc2247b79ac48af0
mail,/cc2247b79ac48af0
addiction,/cc2247b79ac48af0
licking,/609ada9fcd0d4297
inkjet,/609ada9fcd0d4297
accurate,/609ada9fcd0d4297
bankruptcy,/f4858437f607f1e7
apache,/f4858437f607f1e7
regions,/f4858437f607f1e7
tuesday,/63a5fe7b2dadb5b7
appear,/63a5fe7b2dadb5b7
bp,/63a5fe7b2dadb5b7
plugin,/ac6da92e527fa292
tony,/ac6da92e527fa292
occurrence,/ac6da92e527fa292
experienced,/4ca1706231e8b7c2
wheels,/4ca1706231e8b7c2
alliance,/4ca1706231e8b7c2
signature,/7a87167e47f586d5
cedar,/7a87167e47f586d5
alert,/7a87167e47f586d5
stick,/60325479a55824de
toyota,/60325479a55824de
parents,/60325479a55824de
rolls,/5e96a86543e4bf1
vocational,/5e96a86543e4bf1
backup,/5e96a86543e4bf1
equipped,/2d5d1e336688ea78,/10c3b7feae994075
about,/2d5d1e336688ea78
automatic,/2d5d1e336688ea78
ons,/af89f24e4114cac9
dog,/af89f24e4114cac9
hour,/af89f24e4114cac9
telecom,/9076a62b2901a967
search,/9076a62b2901a967
runner,/9076a62b2901a967
ghost,/10c3b7feae994075
allen,/10c3b7feae994075
