/cc2247b79ac48af0,gourmet,mail,addiction
/609ada9fcd0d4297,licking,inkjet,accurate
/f4858437f607f1e7,bankruptcy,apache,regions
/63a5fe7b2dadb5b7,tuesday,appear,bp
/ac6da92e527fa292,plugin,tony,occurrence
/4ca1706231e8b7c2,experienced,wheels,alliance
/7a87167e47f586d5,signature,cedar,alert
/60325479a55824de,stick,toyota,parents
/5e96a86543e4bf1,rolls,vocational,backup
/2d5d1e336688ea78,equipped,about,automatic
/af89f24e4114cac9,ons,dog,hour
/9076a62b2901a967,telecom,search,runner
/10c3b7feae994075,ghost,allen,equipped
